_id.dl_date,_id.zn,_id.pddMinusFdd,dl_count
32,,-38,2.0
32,,-6,2.0
32,,-4,1.0
32,,-1,3.0
32,,0,5.0
32,,1,69.0
32,,2,11.0
32,"A",-38,19.0
32,"A",-36,1.0
32,"A",-9,1.0
32,"A",-7,1.0
32,"A",-6,3.0
32,"A",-5,2.0
32,"A",-4,1.0
32,"A",-3,13.0
32,"A",-2,13.0
32,"A",-1,63.0
32,"A",0,264.0
32,"A",1,1515.0
32,"A",2,248.0
32,"B",-38,4.0
32,"B",-37,14.0
32,"B",-23,1.0
32,"B",-9,1.0
32,"B",-7,5.0
32,"B",-6,8.0
32,"B",-5,19.0
32,"B",-4,6.0
32,"B",-3,33.0
32,"B",-2,98.0
32,"B",-1,180.0
32,"B",0,706.0
32,"B",1,1629.0
32,"B",2,1385.0
32,"B",3,7.0
32,"C",-37,44.0
32,"C",-16,2.0
32,"C",-15,1.0
32,"C",-13,1.0
32,"C",-11,2.0
32,"C",-10,3.0
32,"C",-9,1.0
32,"C",-8,2.0
32,"C",-7,2.0
32,"C",-6,6.0
32,"C",-5,21.0
32,"C",-4,8.0
32,"C",-3,37.0
32,"C",-2,89.0
32,"C",-1,417.0
32,"C",0,2076.0
32,"C",1,4723.0
32,"C",2,1076.0
32,"C",3,15.0
32,"C",4,1.0
32,"D",-37,1.0
32,"D",-36,146.0
32,"D",-21,1.0
32,"D",-16,1.0
32,"D",-14,1.0
32,"D",-13,1.0
32,"D",-12,17.0
32,"D",-11,4.0
32,"D",-10,4.0
32,"D",-9,7.0
32,"D",-8,35.0
32,"D",-7,26.0
32,"D",-6,25.0
32,"D",-5,58.0
32,"D",-4,101.0
32,"D",-3,114.0
32,"D",-2,540.0
32,"D",-1,1580.0
32,"D",0,3445.0
32,"D",1,5949.0
32,"D",2,4933.0
32,"D",3,753.0
32,"D",4,4.0
32,"E",-36,68.0
32,"E",-18,4.0
32,"E",-17,1.0
32,"E",-16,2.0
32,"E",-15,17.0
32,"E",-14,164.0
32,"E",-13,217.0
32,"E",-12,72.0
32,"E",-11,6.0
32,"E",-10,11.0
32,"E",-9,157.0
32,"E",-8,322.0
32,"E",-7,212.0
32,"E",-6,110.0
32,"E",-5,310.0
32,"E",-4,505.0
32,"E",-3,316.0
32,"E",-2,906.0
32,"E",-1,884.0
32,"E",0,443.0
32,"E",1,188.0
32,"E",2,57.0
33,,-38,7.0
33,,-36,2.0
33,,-12,1.0
33,,-6,1.0
33,,-4,1.0
33,,-3,1.0
33,,-2,4.0
33,,-1,9.0
33,,0,130.0
33,,1,102.0
33,,3,1.0
33,"A",-38,36.0
33,"A",-36,1.0
33,"A",-30,1.0
33,"A",-23,3.0
33,"A",-21,2.0
33,"A",-18,6.0
33,"A",-11,10.0
33,"A",-10,5.0
33,"A",-8,8.0
33,"A",-7,1.0
33,"A",-6,8.0
33,"A",-5,7.0
33,"A",-4,22.0
33,"A",-3,22.0
33,"A",-2,111.0
33,"A",-1,757.0
33,"A",0,4237.0
33,"A",1,528.0
33,"A",2,147.0
33,"A",3,726.0
33,"B",-38,1.0
33,"B",-37,42.0
33,"B",-26,1.0
33,"B",-22,1.0
33,"B",-19,1.0
33,"B",-16,2.0
33,"B",-15,2.0
33,"B",-12,4.0
33,"B",-11,4.0
33,"B",-10,2.0
33,"B",-9,5.0
33,"B",-8,14.0
33,"B",-7,20.0
33,"B",-6,12.0
33,"B",-5,40.0
33,"B",-4,10.0
33,"B",-3,112.0
33,"B",-2,294.0
33,"B",-1,1107.0
33,"B",0,2692.0
33,"B",1,1913.0
33,"B",2,233.0
33,"B",3,161.0
33,"C",-37,92.0
33,"C",-36,4.0
33,"C",-34,1.0
33,"C",-26,1.0
33,"C",-23,1.0
33,"C",-21,2.0
33,"C",-20,1.0
33,"C",-19,3.0
33,"C",-18,3.0
33,"C",-17,1.0
33,"C",-16,1.0
33,"C",-15,1.0
33,"C",-14,2.0
33,"C",-13,1.0
33,"C",-12,4.0
33,"C",-11,3.0
33,"C",-10,14.0
33,"C",-9,5.0
33,"C",-8,26.0
33,"C",-7,6.0
33,"C",-6,23.0
33,"C",-5,112.0
33,"C",-4,23.0
33,"C",-3,202.0
33,"C",-2,764.0
33,"C",-1,3593.0
33,"C",0,9688.0
33,"C",1,3232.0
33,"C",2,158.0
33,"C",3,200.0
33,"D",-36,567.0
33,"D",-34,1.0
33,"D",-32,3.0
33,"D",-30,5.0
33,"D",-25,2.0
33,"D",-21,2.0
33,"D",-20,3.0
33,"D",-18,5.0
33,"D",-17,1.0
33,"D",-15,2.0
33,"D",-13,3.0
33,"D",-12,6.0
33,"D",-11,19.0
33,"D",-10,6.0
33,"D",-9,12.0
33,"D",-8,34.0
33,"D",-7,63.0
33,"D",-6,207.0
33,"D",-5,296.0
33,"D",-4,924.0
33,"D",-3,542.0
33,"D",-2,2998.0
33,"D",-1,5761.0
33,"D",0,10494.0
33,"D",1,8418.0
33,"D",2,1513.0
33,"D",3,762.0
33,"E",-36,95.0
33,"E",-18,3.0
33,"E",-17,2.0
33,"E",-16,4.0
33,"E",-15,35.0
33,"E",-14,136.0
33,"E",-13,147.0
33,"E",-12,119.0
33,"E",-11,70.0
33,"E",-10,31.0
33,"E",-9,280.0
33,"E",-8,374.0
33,"E",-7,479.0
33,"E",-6,255.0
33,"E",-5,395.0
33,"E",-4,610.0
33,"E",-3,475.0
33,"E",-2,1118.0
33,"E",-1,989.0
33,"E",0,559.0
33,"E",1,204.0
33,"E",2,69.0
33,"E",3,25.0
34,,-37,4.0
34,,-35,4.0
34,,-5,2.0
34,,-3,4.0
34,,-2,7.0
34,,-1,13.0
34,,0,231.0
34,,1,70.0
34,"A",-37,205.0
34,"A",-27,1.0
34,"A",-21,1.0
34,"A",-17,1.0
34,"A",-10,2.0
34,"A",-9,2.0
34,"A",-8,2.0
34,"A",-7,7.0
34,"A",-6,8.0
34,"A",-5,26.0
34,"A",-4,13.0
34,"A",-3,34.0
34,"A",-2,77.0
34,"A",-1,352.0
34,"A",0,5973.0
34,"A",1,1882.0
34,"A",2,21.0
34,"A",3,49.0
34,"B",-37,1.0
34,"B",-36,41.0
34,"B",-32,1.0
34,"B",-15,5.0
34,"B",-12,1.0
34,"B",-11,2.0
34,"B",-10,1.0
34,"B",-9,2.0
34,"B",-8,8.0
34,"B",-7,7.0
34,"B",-6,12.0
34,"B",-5,15.0
34,"B",-4,86.0
34,"B",-3,34.0
34,"B",-2,291.0
34,"B",-1,1028.0
34,"B",0,3219.0
34,"B",1,3759.0
34,"B",2,441.0
34,"B",3,30.0
34,"C",-36,132.0
34,"C",-35,1.0
34,"C",-22,1.0
34,"C",-21,1.0
34,"C",-19,2.0
34,"C",-18,1.0
34,"C",-16,1.0
34,"C",-15,2.0
34,"C",-13,2.0
34,"C",-12,1.0
34,"C",-11,9.0
34,"C",-10,3.0
34,"C",-9,18.0
34,"C",-8,9.0
34,"C",-7,19.0
34,"C",-6,30.0
34,"C",-5,150.0
34,"C",-4,776.0
34,"C",-3,81.0
34,"C",-2,693.0
34,"C",-1,3635.0
34,"C",0,14495.0
34,"C",1,4411.0
34,"C",2,424.0
34,"C",3,70.0
34,"D",-37,1.0
34,"D",-36,2.0
34,"D",-35,476.0
34,"D",-27,1.0
34,"D",-25,1.0
34,"D",-22,1.0
34,"D",-19,1.0
34,"D",-17,1.0
34,"D",-15,1.0
34,"D",-14,2.0
34,"D",-13,2.0
34,"D",-12,6.0
34,"D",-11,5.0
34,"D",-10,20.0
34,"D",-9,7.0
34,"D",-8,30.0
34,"D",-7,25.0
34,"D",-6,100.0
34,"D",-5,262.0
34,"D",-4,699.0
34,"D",-3,1925.0
34,"D",-2,1118.0
34,"D",-1,7519.0
34,"D",0,13190.0
34,"D",1,13287.0
34,"D",2,2455.0
34,"D",3,742.0
34,"E",-35,159.0
34,"E",-27,1.0
34,"E",-18,7.0
34,"E",-17,29.0
34,"E",-16,1.0
34,"E",-15,24.0
34,"E",-14,56.0
34,"E",-13,150.0
34,"E",-12,236.0
34,"E",-11,137.0
34,"E",-10,135.0
34,"E",-9,47.0
34,"E",-8,457.0
34,"E",-7,498.0
34,"E",-6,601.0
34,"E",-5,440.0
34,"E",-4,530.0
34,"E",-3,1342.0
34,"E",-2,948.0
34,"E",-1,1154.0
34,"E",0,886.0
34,"E",1,225.0
34,"E",2,68.0
34,"E",3,36.0
35,,-36,4.0
35,,-34,1.0
35,,-4,1.0
35,,-3,1.0
35,,-2,3.0
35,,-1,12.0
35,,0,162.0
35,,1,113.0
35,"A",-36,33.0
35,"A",-34,1.0
35,"A",-30,3.0
35,"A",-23,2.0
35,"A",-18,2.0
35,"A",-17,1.0
35,"A",-16,2.0
35,"A",-13,1.0
35,"A",-11,10.0
35,"A",-10,5.0
35,"A",-9,2.0
35,"A",-8,3.0
35,"A",-7,4.0
35,"A",-6,7.0
35,"A",-5,2.0
35,"A",-4,26.0
35,"A",-3,19.0
35,"A",-2,77.0
35,"A",-1,579.0
35,"A",0,5100.0
35,"A",1,779.0
35,"A",2,29.0
35,"A",3,56.0
35,"B",-36,1.0
35,"B",-35,49.0
35,"B",-24,1.0
35,"B",-20,1.0
35,"B",-17,1.0
35,"B",-14,1.0
35,"B",-12,1.0
35,"B",-11,1.0
35,"B",-10,12.0
35,"B",-9,2.0
35,"B",-8,2.0
35,"B",-7,13.0
35,"B",-6,10.0
35,"B",-5,12.0
35,"B",-4,34.0
35,"B",-3,169.0
35,"B",-2,141.0
35,"B",-1,900.0
35,"B",0,2789.0
35,"B",1,2555.0
35,"B",2,476.0
35,"B",3,67.0
35,"C",-35,129.0
35,"C",-34,2.0
35,"C",-28,1.0
35,"C",-20,1.0
35,"C",-19,1.0
35,"C",-17,13.0
35,"C",-13,1.0
35,"C",-11,1.0
35,"C",-10,4.0
35,"C",-9,1.0
35,"C",-8,3.0
35,"C",-7,6.0
35,"C",-6,19.0
35,"C",-5,23.0
35,"C",-4,159.0
35,"C",-3,1363.0
35,"C",-2,265.0
35,"C",-1,3088.0
35,"C",0,10133.0
35,"C",1,3075.0
35,"C",2,626.0
35,"C",3,77.0
35,"D",-35,1.0
35,"D",-34,534.0
35,"D",-31,1.0
35,"D",-28,1.0
35,"D",-25,1.0
35,"D",-20,4.0
35,"D",-19,1.0
35,"D",-18,5.0
35,"D",-17,5.0
35,"D",-16,6.0
35,"D",-14,3.0
35,"D",-13,3.0
35,"D",-12,3.0
35,"D",-11,3.0
35,"D",-10,9.0
35,"D",-9,49.0
35,"D",-8,8.0
35,"D",-7,29.0
35,"D",-6,68.0
35,"D",-5,123.0
35,"D",-4,370.0
35,"D",-3,1381.0
35,"D",-2,4654.0
35,"D",-1,1900.0
35,"D",0,11172.0
35,"D",1,9031.0
35,"D",2,2447.0
35,"D",3,1128.0
35,"E",-34,256.0
35,"E",-19,2.0
35,"E",-17,2.0
35,"E",-16,41.0
35,"E",-15,4.0
35,"E",-14,54.0
35,"E",-13,28.0
35,"E",-12,111.0
35,"E",-11,94.0
35,"E",-10,55.0
35,"E",-9,96.0
35,"E",-8,10.0
35,"E",-7,340.0
35,"E",-6,540.0
35,"E",-5,397.0
35,"E",-4,714.0
35,"E",-3,428.0
35,"E",-2,891.0
35,"E",-1,539.0
35,"E",0,613.0
35,"E",1,236.0
35,"E",2,53.0
35,"E",3,57.0
36,,-35,8.0
36,,-32,8.0
36,,-4,1.0
36,,-3,4.0
36,,-1,15.0
36,,0,146.0
36,,1,80.0
36,"A",-35,285.0
36,"A",-18,1.0
36,"A",-14,1.0
36,"A",-13,1.0
36,"A",-11,2.0
36,"A",-10,3.0
36,"A",-9,1.0
36,"A",-8,2.0
36,"A",-7,2.0
36,"A",-6,1.0
36,"A",-5,11.0
36,"A",-4,14.0
36,"A",-3,75.0
36,"A",-2,109.0
36,"A",-1,263.0
36,"A",0,5193.0
36,"A",1,960.0
36,"A",2,8.0
36,"A",3,1.0
36,"A",4,10.0
36,"B",-34,35.0
36,"B",-32,1.0
36,"B",-26,1.0
36,"B",-19,1.0
36,"B",-16,1.0
36,"B",-13,2.0
36,"B",-11,1.0
36,"B",-10,2.0
36,"B",-9,31.0
36,"B",-7,6.0
36,"B",-6,10.0
36,"B",-5,9.0
36,"B",-4,20.0
36,"B",-3,91.0
36,"B",-2,535.0
36,"B",-1,335.0
36,"B",0,2696.0
36,"B",1,2473.0
36,"B",2,295.0
36,"B",3,34.0
36,"B",4,32.0
36,"C",-34,110.0
36,"C",-32,2.0
36,"C",-24,1.0
36,"C",-21,1.0
36,"C",-20,3.0
36,"C",-18,1.0
36,"C",-14,4.0
36,"C",-13,8.0
36,"C",-12,2.0
36,"C",-11,1.0
36,"C",-9,7.0
36,"C",-8,2.0
36,"C",-7,13.0
36,"C",-6,31.0
36,"C",-5,30.0
36,"C",-4,48.0
36,"C",-3,378.0
36,"C",-2,4071.0
36,"C",-1,1574.0
36,"C",0,8219.0
36,"C",1,3610.0
36,"C",2,220.0
36,"C",4,10.0
36,"D",-34,1.0
36,"D",-32,856.0
36,"D",-16,4.0
36,"D",-15,1.0
36,"D",-14,4.0
36,"D",-12,5.0
36,"D",-11,7.0
36,"D",-10,2.0
36,"D",-9,12.0
36,"D",-8,5.0
36,"D",-7,30.0
36,"D",-6,11.0
36,"D",-5,57.0
36,"D",-4,159.0
36,"D",-3,346.0
36,"D",-2,713.0
36,"D",-1,2897.0
36,"D",0,10490.0
36,"D",1,3585.0
36,"D",2,8788.0
36,"D",3,1714.0
36,"D",4,439.0
36,"E",-32,85.0
36,"E",-16,1.0
36,"E",-15,4.0
36,"E",-14,36.0
36,"E",-13,8.0
36,"E",-12,45.0
36,"E",-11,75.0
36,"E",-10,53.0
36,"E",-9,65.0
36,"E",-8,48.0
36,"E",-7,166.0
36,"E",-6,23.0
36,"E",-5,509.0
36,"E",-4,869.0
36,"E",-3,495.0
36,"E",-2,1053.0
36,"E",-1,509.0
36,"E",0,650.0
36,"E",1,232.0
36,"E",2,273.0
36,"E",3,137.0
36,"E",4,26.0
37,,-34,5.0
37,,-31,5.0
37,,-7,1.0
37,,-3,3.0
37,,-2,6.0
37,,-1,2.0
37,,0,143.0
37,,1,70.0
37,"A",-34,36.0
37,"A",-32,1.0
37,"A",-31,1.0
37,"A",-9,2.0
37,"A",-7,3.0
37,"A",-6,4.0
37,"A",-5,6.0
37,"A",-4,25.0
37,"A",-3,81.0
37,"A",-2,1294.0
37,"A",-1,830.0
37,"A",0,3000.0
37,"A",1,692.0
37,"A",2,3.0
37,"A",3,11.0
37,"A",4,52.0
37,"B",-32,126.0
37,"B",-29,1.0
37,"B",-18,1.0
37,"B",-16,1.0
37,"B",-12,1.0
37,"B",-11,2.0
37,"B",-9,3.0
37,"B",-8,1.0
37,"B",-7,5.0
37,"B",-6,1.0
37,"B",-5,3.0
37,"B",-4,22.0
37,"B",-3,51.0
37,"B",-2,84.0
37,"B",-1,273.0
37,"B",0,1607.0
37,"B",1,1439.0
37,"B",2,2501.0
37,"B",3,276.0
37,"B",4,271.0
37,"C",-32,191.0
37,"C",-31,2.0
37,"C",-14,1.0
37,"C",-12,1.0
37,"C",-10,6.0
37,"C",-9,9.0
37,"C",-8,2.0
37,"C",-7,12.0
37,"C",-6,2.0
37,"C",-5,25.0
37,"C",-4,79.0
37,"C",-3,147.0
37,"C",-2,283.0
37,"C",-1,688.0
37,"C",0,10721.0
37,"C",1,4341.0
37,"C",2,2342.0
37,"C",3,434.0
37,"C",4,95.0
37,"D",-32,1.0
37,"D",-31,909.0
37,"D",-22,1.0
37,"D",-21,1.0
37,"D",-20,1.0
37,"D",-19,1.0
37,"D",-17,1.0
37,"D",-16,1.0
37,"D",-15,1.0
37,"D",-13,5.0
37,"D",-11,2.0
37,"D",-10,4.0
37,"D",-9,5.0
37,"D",-8,15.0
37,"D",-7,38.0
37,"D",-6,48.0
37,"D",-5,21.0
37,"D",-4,120.0
37,"D",-3,337.0
37,"D",-2,717.0
37,"D",-1,2067.0
37,"D",0,5860.0
37,"D",1,14829.0
37,"D",2,3044.0
37,"D",3,1829.0
37,"D",4,1129.0
37,"E",-31,34.0
37,"E",-21,1.0
37,"E",-17,1.0
37,"E",-16,2.0
37,"E",-14,12.0
37,"E",-13,68.0
37,"E",-12,2.0
37,"E",-11,21.0
37,"E",-10,67.0
37,"E",-9,58.0
37,"E",-8,53.0
37,"E",-7,86.0
37,"E",-6,374.0
37,"E",-5,47.0
37,"E",-4,569.0
37,"E",-3,328.0
37,"E",-2,406.0
37,"E",-1,1087.0
37,"E",0,589.0
37,"E",1,649.0
37,"E",2,81.0
37,"E",3,25.0
37,"E",4,60.0
38,,-32,8.0
38,,-30,6.0
38,,-4,1.0
38,,-3,2.0
38,,-2,3.0
38,,-1,2.0
38,,0,77.0
38,,1,47.0
38,,2,40.0
38,"A",-32,26.0
38,"A",-15,1.0
38,"A",-11,1.0
38,"A",-10,5.0
38,"A",-5,7.0
38,"A",-4,4.0
38,"A",-3,16.0
38,"A",-2,33.0
38,"A",-1,138.0
38,"A",0,1250.0
38,"A",1,1875.0
38,"A",2,452.0
38,"A",3,15.0
38,"A",4,45.0
38,"B",-31,108.0
38,"B",-17,1.0
38,"B",-15,1.0
38,"B",-14,1.0
38,"B",-11,1.0
38,"B",-10,1.0
38,"B",-9,5.0
38,"B",-8,11.0
38,"B",-7,3.0
38,"B",-6,6.0
38,"B",-5,5.0
38,"B",-4,15.0
38,"B",-3,39.0
38,"B",-2,90.0
38,"B",-1,171.0
38,"B",0,485.0
38,"B",1,2700.0
38,"B",2,784.0
38,"B",3,282.0
38,"B",4,223.0
38,"C",-31,57.0
38,"C",-27,1.0
38,"C",-24,6.0
38,"C",-23,1.0
38,"C",-21,1.0
38,"C",-17,1.0
38,"C",-14,3.0
38,"C",-11,9.0
38,"C",-10,14.0
38,"C",-9,1.0
38,"C",-8,4.0
38,"C",-7,2.0
38,"C",-6,11.0
38,"C",-5,3.0
38,"C",-4,20.0
38,"C",-3,72.0
38,"C",-2,138.0
38,"C",-1,420.0
38,"C",0,1808.0
38,"C",1,9358.0
38,"C",2,579.0
38,"C",3,424.0
38,"C",4,55.0
38,"D",-30,1101.0
38,"D",-23,2.0
38,"D",-20,1.0
38,"D",-19,1.0
38,"D",-16,1.0
38,"D",-14,4.0
38,"D",-13,3.0
38,"D",-12,8.0
38,"D",-11,1.0
38,"D",-10,15.0
38,"D",-9,7.0
38,"D",-8,27.0
38,"D",-7,22.0
38,"D",-6,34.0
38,"D",-5,155.0
38,"D",-4,96.0
38,"D",-3,343.0
38,"D",-2,852.0
38,"D",-1,1777.0
38,"D",0,4329.0
38,"D",1,8486.0
38,"D",2,7159.0
38,"D",3,487.0
38,"D",4,1120.0
38,"E",-30,25.0
38,"E",-20,1.0
38,"E",-16,2.0
38,"E",-15,14.0
38,"E",-13,5.0
38,"E",-12,109.0
38,"E",-11,9.0
38,"E",-10,56.0
38,"E",-9,52.0
38,"E",-8,82.0
38,"E",-7,51.0
38,"E",-6,106.0
38,"E",-5,382.0
38,"E",-4,81.0
38,"E",-3,427.0
38,"E",-2,303.0
38,"E",-1,386.0
38,"E",0,399.0
38,"E",1,624.0
38,"E",2,156.0
38,"E",3,19.0
38,"E",4,46.0
39,,-31,9.0
39,,-29,3.0
39,,-4,5.0
39,,-1,3.0
39,,0,7.0
39,,1,148.0
39,,2,15.0
39,"A",-31,31.0
39,"A",-16,1.0
39,"A",-14,3.0
39,"A",-11,1.0
39,"A",-9,3.0
39,"A",-8,1.0
39,"A",-4,2.0
39,"A",-3,2.0
39,"A",-2,12.0
39,"A",-1,82.0
39,"A",0,470.0
39,"A",1,1996.0
39,"A",2,440.0
39,"A",3,4.0
39,"B",-30,31.0
39,"B",-14,1.0
39,"B",-12,1.0
39,"B",-10,1.0
39,"B",-8,6.0
39,"B",-7,1.0
39,"B",-6,1.0
39,"B",-5,5.0
39,"B",-4,3.0
39,"B",-3,10.0
39,"B",-2,39.0
39,"B",-1,71.0
39,"B",0,381.0
39,"B",1,1585.0
39,"B",2,1759.0
39,"B",3,57.0
39,"B",4,15.0
39,"C",-30,105.0
39,"C",-23,14.0
39,"C",-16,1.0
39,"C",-15,1.0
39,"C",-13,1.0
39,"C",-12,1.0
39,"C",-10,5.0
39,"C",-9,4.0
39,"C",-7,2.0
39,"C",-6,1.0
39,"C",-5,13.0
39,"C",-4,7.0
39,"C",-3,21.0
39,"C",-2,100.0
39,"C",-1,249.0
39,"C",0,1214.0
39,"C",1,4821.0
39,"C",2,3431.0
39,"C",3,75.0
39,"D",-30,3.0
39,"D",-29,574.0
39,"D",-21,1.0
39,"D",-15,3.0
39,"D",-14,1.0
39,"D",-13,1.0
39,"D",-12,1.0
39,"D",-11,2.0
39,"D",-9,1.0
39,"D",-8,3.0
39,"D",-7,20.0
39,"D",-6,7.0
39,"D",-5,30.0
39,"D",-4,59.0
39,"D",-3,34.0
39,"D",-2,183.0
39,"D",-1,566.0
39,"D",0,1572.0
39,"D",1,4642.0
39,"D",2,5480.0
39,"D",3,1674.0
39,"D",4,297.0
39,"E",-29,7.0
39,"E",-13,1.0
39,"E",-12,12.0
39,"E",-11,64.0
39,"E",-10,4.0
39,"E",-9,39.0
39,"E",-8,72.0
39,"E",-7,37.0
39,"E",-6,48.0
39,"E",-5,174.0
39,"E",-4,361.0
39,"E",-3,75.0
39,"E",-2,355.0
39,"E",-1,243.0
39,"E",0,298.0
39,"E",1,437.0
39,"E",2,312.0
39,"E",3,11.0
39,"E",4,15.0
40,,-31,8.0
40,,-29,5.0
40,,-6,2.0
40,,-4,1.0
40,,-2,3.0
40,,-1,9.0
40,,0,105.0
40,,1,78.0
40,,2,1.0
40,"A",-31,87.0
40,"A",-29,4.0
40,"A",-21,1.0
40,"A",-17,1.0
40,"A",-15,2.0
40,"A",-14,5.0
40,"A",-13,3.0
40,"A",-11,3.0
40,"A",-10,7.0
40,"A",-9,1.0
40,"A",-8,5.0
40,"A",-7,5.0
40,"A",-6,9.0
40,"A",-5,3.0
40,"A",-4,25.0
40,"A",-3,45.0
40,"A",-2,155.0
40,"A",-1,1383.0
40,"A",0,4241.0
40,"A",1,207.0
40,"A",2,29.0
40,"A",3,27.0
40,"B",-31,2.0
40,"B",-30,189.0
40,"B",-20,1.0
40,"B",-14,1.0
40,"B",-13,15.0
40,"B",-12,1.0
40,"B",-10,1.0
40,"B",-9,3.0
40,"B",-8,6.0
40,"B",-7,9.0
40,"B",-6,8.0
40,"B",-5,22.0
40,"B",-4,23.0
40,"B",-3,121.0
40,"B",-2,448.0
40,"B",-1,1208.0
40,"B",0,3147.0
40,"B",1,1519.0
40,"B",2,220.0
40,"B",3,365.0
40,"C",-30,488.0
40,"C",-29,1.0
40,"C",-21,1.0
40,"C",-20,1.0
40,"C",-16,2.0
40,"C",-15,2.0
40,"C",-14,2.0
40,"C",-13,16.0
40,"C",-12,6.0
40,"C",-10,9.0
40,"C",-9,2.0
40,"C",-8,10.0
40,"C",-7,14.0
40,"C",-6,17.0
40,"C",-5,61.0
40,"C",-4,28.0
40,"C",-3,196.0
40,"C",-2,899.0
40,"C",-1,5440.0
40,"C",0,11567.0
40,"C",1,3226.0
40,"C",2,445.0
40,"C",3,15.0
40,"D",-31,14.0
40,"D",-30,2.0
40,"D",-29,1868.0
40,"D",-23,4.0
40,"D",-22,1.0
40,"D",-21,1.0
40,"D",-16,2.0
40,"D",-15,5.0
40,"D",-14,11.0
40,"D",-13,3.0
40,"D",-12,39.0
40,"D",-11,15.0
40,"D",-10,2.0
40,"D",-9,10.0
40,"D",-8,29.0
40,"D",-7,49.0
40,"D",-6,240.0
40,"D",-5,321.0
40,"D",-4,1075.0
40,"D",-3,1411.0
40,"D",-2,2452.0
40,"D",-1,6048.0
40,"D",0,11397.0
40,"D",1,11023.0
40,"D",2,1852.0
40,"D",3,988.0
40,"E",-29,47.0
40,"E",-15,1.0
40,"E",-14,5.0
40,"E",-13,2.0
40,"E",-12,49.0
40,"E",-11,105.0
40,"E",-10,14.0
40,"E",-9,172.0
40,"E",-8,133.0
40,"E",-7,115.0
40,"E",-6,256.0
40,"E",-5,674.0
40,"E",-4,804.0
40,"E",-3,180.0
40,"E",-2,713.0
40,"E",-1,729.0
40,"E",0,1006.0
40,"E",1,353.0
40,"E",2,53.0
40,"E",3,45.0
41,,-30,4.0
41,,-28,3.0
41,,-4,1.0
41,,-3,3.0
41,,-1,5.0
41,,0,132.0
41,,1,49.0
41,"A",-30,98.0
41,"A",-28,1.0
41,"A",-16,3.0
41,"A",-15,61.0
41,"A",-14,2.0
41,"A",-13,7.0
41,"A",-12,5.0
41,"A",-11,1.0
41,"A",-9,4.0
41,"A",-8,2.0
41,"A",-7,3.0
41,"A",-6,4.0
41,"A",-5,8.0
41,"A",-4,7.0
41,"A",-3,18.0
41,"A",-2,56.0
41,"A",-1,318.0
41,"A",0,4799.0
41,"A",1,1041.0
41,"A",2,29.0
41,"A",3,15.0
41,"B",-29,165.0
41,"B",-23,1.0
41,"B",-22,2.0
41,"B",-18,2.0
41,"B",-16,1.0
41,"B",-15,3.0
41,"B",-13,26.0
41,"B",-12,39.0
41,"B",-11,7.0
41,"B",-10,2.0
41,"B",-9,1.0
41,"B",-7,4.0
41,"B",-6,12.0
41,"B",-5,28.0
41,"B",-4,21.0
41,"B",-3,14.0
41,"B",-2,158.0
41,"B",-1,792.0
41,"B",0,3102.0
41,"B",1,2426.0
41,"B",2,409.0
41,"B",3,157.0
41,"C",-29,172.0
41,"C",-28,2.0
41,"C",-25,2.0
41,"C",-23,20.0
41,"C",-21,2.0
41,"C",-20,1.0
41,"C",-19,3.0
41,"C",-16,5.0
41,"C",-15,9.0
41,"C",-14,5.0
41,"C",-13,52.0
41,"C",-12,26.0
41,"C",-11,1.0
41,"C",-9,1.0
41,"C",-8,4.0
41,"C",-7,8.0
41,"C",-6,23.0
41,"C",-5,40.0
41,"C",-4,137.0
41,"C",-3,35.0
41,"C",-2,429.0
41,"C",-1,2887.0
41,"C",0,11373.0
41,"C",1,5064.0
41,"C",2,1293.0
41,"C",3,12.0
41,"D",-29,1.0
41,"D",-28,1790.0
41,"D",-24,1.0
41,"D",-22,31.0
41,"D",-19,11.0
41,"D",-18,4.0
41,"D",-17,24.0
41,"D",-16,1.0
41,"D",-15,6.0
41,"D",-14,16.0
41,"D",-13,16.0
41,"D",-12,38.0
41,"D",-11,72.0
41,"D",-10,24.0
41,"D",-9,14.0
41,"D",-8,22.0
41,"D",-7,20.0
41,"D",-6,95.0
41,"D",-5,166.0
41,"D",-4,484.0
41,"D",-3,1594.0
41,"D",-2,631.0
41,"D",-1,5498.0
41,"D",0,12428.0
41,"D",1,11382.0
41,"D",2,2983.0
41,"D",3,1042.0
41,"E",-28,33.0
41,"E",-20,1.0
41,"E",-15,1.0
41,"E",-13,2.0
41,"E",-12,1.0
41,"E",-11,13.0
41,"E",-10,79.0
41,"E",-9,20.0
41,"E",-8,46.0
41,"E",-7,131.0
41,"E",-6,153.0
41,"E",-5,550.0
41,"E",-4,578.0
41,"E",-3,821.0
41,"E",-2,142.0
41,"E",-1,896.0
41,"E",0,720.0
41,"E",1,649.0
41,"E",2,49.0
41,"E",3,28.0
42,,-29,8.0
42,,-27,1.0
42,,-6,1.0
42,,-4,1.0
42,,-3,1.0
42,,-1,8.0
42,,0,119.0
42,,1,59.0
42,"A",-29,47.0
42,"A",-28,1.0
42,"A",-27,2.0
42,"A",-16,1.0
42,"A",-14,2.0
42,"A",-12,7.0
42,"A",-9,1.0
42,"A",-8,1.0
42,"A",-6,3.0
42,"A",-5,9.0
42,"A",-4,15.0
42,"A",-3,24.0
42,"A",-2,59.0
42,"A",-1,327.0
42,"A",0,3758.0
42,"A",1,639.0
42,"A",2,37.0
42,"A",3,16.0
42,"B",-29,1.0
42,"B",-28,64.0
42,"B",-27,1.0
42,"B",-25,1.0
42,"B",-15,1.0
42,"B",-14,1.0
42,"B",-13,8.0
42,"B",-11,74.0
42,"B",-10,1.0
42,"B",-8,2.0
42,"B",-7,3.0
42,"B",-6,6.0
42,"B",-5,14.0
42,"B",-4,15.0
42,"B",-3,91.0
42,"B",-2,73.0
42,"B",-1,531.0
42,"B",0,2541.0
42,"B",1,1964.0
42,"B",2,304.0
42,"B",3,112.0
42,"C",-29,3.0
42,"C",-28,118.0
42,"C",-27,3.0
42,"C",-25,2.0
42,"C",-22,1.0
42,"C",-20,1.0
42,"C",-19,2.0
42,"C",-18,1.0
42,"C",-16,1.0
42,"C",-15,3.0
42,"C",-14,1.0
42,"C",-13,5.0
42,"C",-12,4.0
42,"C",-11,195.0
42,"C",-10,2.0
42,"C",-9,1.0
42,"C",-8,10.0
42,"C",-7,7.0
42,"C",-6,18.0
42,"C",-5,40.0
42,"C",-4,66.0
42,"C",-3,526.0
42,"C",-2,221.0
42,"C",-1,2338.0
42,"C",0,9380.0
42,"C",1,3349.0
42,"C",2,430.0
42,"C",3,50.0
42,"D",-27,1152.0
42,"D",-21,3.0
42,"D",-18,1.0
42,"D",-17,3.0
42,"D",-16,1.0
42,"D",-14,1.0
42,"D",-13,18.0
42,"D",-12,10.0
42,"D",-11,17.0
42,"D",-10,38.0
42,"D",-9,36.0
42,"D",-8,11.0
42,"D",-7,38.0
42,"D",-6,84.0
42,"D",-5,214.0
42,"D",-4,421.0
42,"D",-3,1013.0
42,"D",-2,4302.0
42,"D",-1,1367.0
42,"D",0,10094.0
42,"D",1,8265.0
42,"D",2,1704.0
42,"D",3,1040.0
42,"E",-27,20.0
42,"E",-12,2.0
42,"E",-10,23.0
42,"E",-9,131.0
42,"E",-8,24.0
42,"E",-7,79.0
42,"E",-6,159.0
42,"E",-5,325.0
42,"E",-4,1154.0
42,"E",-3,326.0
42,"E",-2,921.0
42,"E",-1,208.0
42,"E",0,552.0
42,"E",1,482.0
42,"E",2,44.0
42,"E",3,31.0
43,,-28,1.0
43,,-10,1.0
43,,-7,3.0
43,,-6,2.0
43,,-4,2.0
43,,-3,3.0
43,,-2,1.0
43,,-1,5.0
43,,0,126.0
43,,1,74.0
43,,3,1.0
43,"A",-28,44.0
43,"A",-27,1.0
43,"A",-23,1.0
43,"A",-18,1.0
43,"A",-15,2.0
43,"A",-14,4.0
43,"A",-13,5.0
43,"A",-12,7.0
43,"A",-11,252.0
43,"A",-10,2.0
43,"A",-8,3.0
43,"A",-7,3.0
43,"A",-6,3.0
43,"A",-5,8.0
43,"A",-4,22.0
43,"A",-3,31.0
43,"A",-2,24.0
43,"A",-1,406.0
43,"A",0,3830.0
43,"A",1,642.0
43,"A",2,20.0
43,"A",3,1.0
43,"A",4,42.0
43,"B",-27,77.0
43,"B",-25,1.0
43,"B",-11,1.0
43,"B",-10,67.0
43,"B",-9,6.0
43,"B",-6,5.0
43,"B",-5,10.0
43,"B",-4,40.0
43,"B",-3,66.0
43,"B",-2,463.0
43,"B",-1,249.0
43,"B",0,2268.0
43,"B",1,1760.0
43,"B",2,153.0
43,"B",3,47.0
43,"B",4,187.0
43,"C",-27,109.0
43,"C",-25,1.0
43,"C",-21,1.0
43,"C",-16,1.0
43,"C",-14,1.0
43,"C",-13,2.0
43,"C",-12,1.0
43,"C",-11,2.0
43,"C",-10,54.0
43,"C",-9,15.0
43,"C",-8,2.0
43,"C",-7,4.0
43,"C",-6,11.0
43,"C",-5,19.0
43,"C",-4,32.0
43,"C",-3,164.0
43,"C",-2,1957.0
43,"C",-1,904.0
43,"C",0,8863.0
43,"C",1,3980.0
43,"C",2,287.0
43,"C",3,13.0
43,"C",4,190.0
43,"D",-27,1.0
43,"D",-25,867.0
43,"D",-21,1.0
43,"D",-19,1.0
43,"D",-16,1.0
43,"D",-15,1.0
43,"D",-14,1.0
43,"D",-13,2.0
43,"D",-12,2.0
43,"D",-11,12.0
43,"D",-10,28.0
43,"D",-9,27.0
43,"D",-8,25.0
43,"D",-7,106.0
43,"D",-6,37.0
43,"D",-5,313.0
43,"D",-4,367.0
43,"D",-3,483.0
43,"D",-2,1205.0
43,"D",-1,2827.0
43,"D",0,10187.0
43,"D",1,3232.0
43,"D",2,8236.0
43,"D",3,1977.0
43,"D",4,1065.0
43,"E",-25,20.0
43,"E",-17,1.0
43,"E",-15,1.0
43,"E",-11,1.0
43,"E",-10,8.0
43,"E",-8,21.0
43,"E",-7,192.0
43,"E",-6,40.0
43,"E",-5,169.0
43,"E",-4,300.0
43,"E",-3,594.0
43,"E",-2,1414.0
43,"E",-1,229.0
43,"E",0,854.0
43,"E",1,268.0
43,"E",2,339.0
43,"E",3,110.0
43,"E",4,36.0
44,,-27,5.0
44,,-12,1.0
44,,-11,1.0
44,,-9,1.0
44,,-7,2.0
44,,-3,1.0
44,,-2,6.0
44,,-1,3.0
44,,0,98.0
44,,1,79.0
44,"A",-27,46.0
44,"A",-25,1.0
44,"A",-24,1.0
44,"A",-21,1.0
44,"A",-18,1.0
44,"A",-12,2.0
44,"A",-11,2.0
44,"A",-10,3.0
44,"A",-7,5.0
44,"A",-6,1.0
44,"A",-5,4.0
44,"A",-4,9.0
44,"A",-3,68.0
44,"A",-2,175.0
44,"A",-1,197.0
44,"A",0,3906.0
44,"A",1,635.0
44,"A",2,42.0
44,"A",3,51.0
44,"A",4,33.0
44,"B",-25,53.0
44,"B",-11,2.0
44,"B",-10,1.0
44,"B",-9,3.0
44,"B",-8,2.0
44,"B",-7,5.0
44,"B",-5,6.0
44,"B",-4,14.0
44,"B",-3,22.0
44,"B",-2,97.0
44,"B",-1,165.0
44,"B",0,1603.0
44,"B",1,1030.0
44,"B",2,2232.0
44,"B",3,319.0
44,"B",4,132.0
44,"C",-25,84.0
44,"C",-23,1.0
44,"C",-14,1.0
44,"C",-11,1.0
44,"C",-10,3.0
44,"C",-9,5.0
44,"C",-8,4.0
44,"C",-7,4.0
44,"C",-6,4.0
44,"C",-5,2.0
44,"C",-4,16.0
44,"C",-3,35.0
44,"C",-2,196.0
44,"C",-1,663.0
44,"C",0,7285.0
44,"C",1,3426.0
44,"C",2,3981.0
44,"C",3,284.0
44,"C",4,49.0
44,"D",-25,1.0
44,"D",-24,766.0
44,"D",-20,1.0
44,"D",-18,1.0
44,"D",-15,1.0
44,"D",-12,1.0
44,"D",-11,11.0
44,"D",-9,10.0
44,"D",-8,40.0
44,"D",-7,9.0
44,"D",-6,51.0
44,"D",-5,7.0
44,"D",-4,49.0
44,"D",-3,161.0
44,"D",-2,618.0
44,"D",-1,1811.0
44,"D",0,4879.0
44,"D",1,13435.0
44,"D",2,3091.0
44,"D",3,2387.0
44,"D",4,883.0
44,"E",-24,23.0
44,"E",-16,1.0
44,"E",-11,9.0
44,"E",-10,1.0
44,"E",-9,7.0
44,"E",-8,3.0
44,"E",-7,47.0
44,"E",-6,116.0
44,"E",-5,20.0
44,"E",-4,302.0
44,"E",-3,406.0
44,"E",-2,757.0
44,"E",-1,699.0
44,"E",0,343.0
44,"E",1,1157.0
44,"E",2,132.0
44,"E",3,32.0
44,"E",4,43.0
45,,-25,6.0
45,,-5,1.0
45,,-4,1.0
45,,-3,1.0
45,,-2,3.0
45,,-1,1.0
45,,0,66.0
45,,1,39.0
45,,2,63.0
45,"A",-25,62.0
45,"A",-15,1.0
45,"A",-14,1.0
45,"A",-11,1.0
45,"A",-10,1.0
45,"A",-9,3.0
45,"A",-8,2.0
45,"A",-7,2.0
45,"A",-6,1.0
45,"A",-5,4.0
45,"A",-4,2.0
45,"A",-3,8.0
45,"A",-2,43.0
45,"A",-1,185.0
45,"A",0,1904.0
45,"A",1,1691.0
45,"A",2,513.0
45,"A",3,89.0
45,"A",4,4.0
45,"B",-24,43.0
45,"B",-23,1.0
45,"B",-18,1.0
45,"B",-16,1.0
45,"B",-11,1.0
45,"B",-10,1.0
45,"B",-9,2.0
45,"B",-8,14.0
45,"B",-7,2.0
45,"B",-6,1.0
45,"B",-5,4.0
45,"B",-4,9.0
45,"B",-3,31.0
45,"B",-2,65.0
45,"B",-1,187.0
45,"B",0,619.0
45,"B",1,2977.0
45,"B",2,674.0
45,"B",3,222.0
45,"B",4,119.0
45,"C",-24,118.0
45,"C",-16,1.0
45,"C",-14,2.0
45,"C",-13,2.0
45,"C",-12,1.0
45,"C",-9,5.0
45,"C",-8,10.0
45,"C",-7,5.0
45,"C",-6,14.0
45,"C",-5,6.0
45,"C",-4,26.0
45,"C",-3,27.0
45,"C",-2,266.0
45,"C",-1,918.0
45,"C",0,1958.0
45,"C",1,9976.0
45,"C",2,1235.0
45,"C",3,179.0
45,"C",4,29.0
45,"D",-23,655.0
45,"D",-16,1.0
45,"D",-15,1.0
45,"D",-13,2.0
45,"D",-12,2.0
45,"D",-10,4.0
45,"D",-9,7.0
45,"D",-8,29.0
45,"D",-7,67.0
45,"D",-6,15.0
45,"D",-5,89.0
45,"D",-4,44.0
45,"D",-3,330.0
45,"D",-2,758.0
45,"D",-1,2011.0
45,"D",0,4191.0
45,"D",1,8723.0
45,"D",2,7815.0
45,"D",3,503.0
45,"D",4,736.0
45,"E",-23,12.0
45,"E",-8,17.0
45,"E",-7,2.0
45,"E",-6,159.0
45,"E",-5,288.0
45,"E",-4,20.0
45,"E",-3,263.0
45,"E",-2,684.0
45,"E",-1,672.0
45,"E",0,450.0
45,"E",1,526.0
45,"E",2,679.0
45,"E",3,8.0
45,"E",4,19.0
46,,-24,3.0
46,,-11,1.0
46,,-6,2.0
46,,-1,2.0
46,,0,4.0
46,,1,117.0
46,,2,15.0
46,"A",-24,16.0
46,"A",-18,1.0
46,"A",-16,1.0
46,"A",-15,1.0
46,"A",-10,1.0
46,"A",-9,5.0
46,"A",-8,4.0
46,"A",-7,1.0
46,"A",-6,3.0
46,"A",-4,5.0
46,"A",-3,17.0
46,"A",-2,23.0
46,"A",-1,29.0
46,"A",0,212.0
46,"A",1,1293.0
46,"A",2,321.0
46,"A",3,30.0
46,"B",-23,18.0
46,"B",-10,1.0
46,"B",-9,2.0
46,"B",-8,23.0
46,"B",-7,23.0
46,"B",-6,3.0
46,"B",-5,1.0
46,"B",-4,6.0
46,"B",-3,4.0
46,"B",-2,12.0
46,"B",-1,48.0
46,"B",0,334.0
46,"B",1,945.0
46,"B",2,1189.0
46,"B",3,173.0
46,"B",4,11.0
46,"C",-23,21.0
46,"C",-11,1.0
46,"C",-9,2.0
46,"C",-8,4.0
46,"C",-7,28.0
46,"C",-5,6.0
46,"C",-4,2.0
46,"C",-3,18.0
46,"C",-2,37.0
46,"C",-1,212.0
46,"C",0,854.0
46,"C",1,3062.0
46,"C",2,2934.0
46,"C",3,30.0
46,"C",4,1.0
46,"D",-22,331.0
46,"D",-17,1.0
46,"D",-16,1.0
46,"D",-15,1.0
46,"D",-14,1.0
46,"D",-13,1.0
46,"D",-11,1.0
46,"D",-9,14.0
46,"D",-8,12.0
46,"D",-7,7.0
46,"D",-6,52.0
46,"D",-5,39.0
46,"D",-4,223.0
46,"D",-3,83.0
46,"D",-2,755.0
46,"D",-1,1257.0
46,"D",0,2309.0
46,"D",1,4062.0
46,"D",2,4651.0
46,"D",3,1586.0
46,"D",4,241.0
46,"E",-22,35.0
46,"E",-18,1.0
46,"E",-14,2.0
46,"E",-11,2.0
46,"E",-7,23.0
46,"E",-6,11.0
46,"E",-5,234.0
46,"E",-4,664.0
46,"E",-3,40.0
46,"E",-2,282.0
46,"E",-1,301.0
46,"E",0,404.0
46,"E",1,531.0
46,"E",2,454.0
46,"E",3,16.0
46,"E",4,4.0
47,,-24,6.0
47,,-5,1.0
47,,-4,2.0
47,,-3,1.0
47,,-2,3.0
47,,-1,8.0
47,,0,125.0
47,,1,77.0
47,"A",-24,45.0
47,"A",-23,3.0
47,"A",-19,1.0
47,"A",-16,2.0
47,"A",-15,2.0
47,"A",-12,1.0
47,"A",-11,2.0
47,"A",-10,2.0
47,"A",-9,5.0
47,"A",-8,34.0
47,"A",-7,1.0
47,"A",-6,12.0
47,"A",-5,9.0
47,"A",-4,42.0
47,"A",-3,48.0
47,"A",-2,67.0
47,"A",-1,316.0
47,"A",0,4320.0
47,"A",1,393.0
47,"A",2,75.0
47,"A",3,7.0
47,"B",-23,38.0
47,"B",-22,1.0
47,"B",-10,1.0
47,"B",-9,6.0
47,"B",-8,44.0
47,"B",-7,101.0
47,"B",-6,10.0
47,"B",-5,35.0
47,"B",-4,31.0
47,"B",-3,111.0
47,"B",-2,288.0
47,"B",-1,605.0
47,"B",0,2775.0
47,"B",1,1424.0
47,"B",2,208.0
47,"B",3,110.0
47,"C",-24,1.0
47,"C",-23,65.0
47,"C",-22,3.0
47,"C",-19,1.0
47,"C",-17,3.0
47,"C",-16,1.0
47,"C",-15,2.0
47,"C",-14,1.0
47,"C",-12,2.0
47,"C",-11,1.0
47,"C",-10,5.0
47,"C",-9,9.0
47,"C",-8,17.0
47,"C",-7,204.0
47,"C",-6,13.0
47,"C",-5,81.0
47,"C",-4,33.0
47,"C",-3,132.0
47,"C",-2,370.0
47,"C",-1,2537.0
47,"C",0,8595.0
47,"C",1,2538.0
47,"C",2,130.0
47,"C",3,76.0
47,"D",-23,3.0
47,"D",-22,454.0
47,"D",-21,1.0
47,"D",-18,1.0
47,"D",-16,4.0
47,"D",-13,1.0
47,"D",-12,12.0
47,"D",-11,7.0
47,"D",-10,1.0
47,"D",-9,22.0
47,"D",-8,49.0
47,"D",-7,25.0
47,"D",-6,119.0
47,"D",-5,144.0
47,"D",-4,844.0
47,"D",-3,540.0
47,"D",-2,2397.0
47,"D",-1,5452.0
47,"D",0,11009.0
47,"D",1,8963.0
47,"D",2,1652.0
47,"D",3,372.0
47,"E",-22,33.0
47,"E",-16,1.0
47,"E",-13,1.0
47,"E",-12,1.0
47,"E",-8,6.0
47,"E",-7,123.0
47,"E",-6,24.0
47,"E",-5,418.0
47,"E",-4,579.0
47,"E",-3,92.0
47,"E",-2,761.0
47,"E",-1,386.0
47,"E",0,1056.0
47,"E",1,481.0
47,"E",2,71.0
47,"E",3,18.0
48,,-23,1.0
48,,-7,1.0
48,,-5,2.0
48,,-3,3.0
48,,-2,3.0
48,,-1,3.0
48,,0,89.0
48,,1,49.0
48,"A",-23,68.0
48,"A",-22,3.0
48,"A",-21,2.0
48,"A",-14,1.0
48,"A",-13,2.0
48,"A",-10,7.0
48,"A",-9,6.0
48,"A",-8,16.0
48,"A",-7,319.0
48,"A",-6,5.0
48,"A",-5,5.0
48,"A",-4,10.0
48,"A",-3,29.0
48,"A",-2,127.0
48,"A",-1,382.0
48,"A",0,4130.0
48,"A",1,503.0
48,"A",2,111.0
48,"A",3,8.0
48,"B",-22,61.0
48,"B",-8,1.0
48,"B",-7,3.0
48,"B",-6,69.0
48,"B",-5,5.0
48,"B",-4,59.0
48,"B",-3,16.0
48,"B",-2,91.0
48,"B",-1,544.0
48,"B",0,3341.0
48,"B",1,2064.0
48,"B",2,196.0
48,"B",3,161.0
48,"C",-22,128.0
48,"C",-21,6.0
48,"C",-19,1.0
48,"C",-15,1.0
48,"C",-13,7.0
48,"C",-12,3.0
48,"C",-11,5.0
48,"C",-10,2.0
48,"C",-9,3.0
48,"C",-8,4.0
48,"C",-7,9.0
48,"C",-6,80.0
48,"C",-5,12.0
48,"C",-4,77.0
48,"C",-3,52.0
48,"C",-2,353.0
48,"C",-1,1497.0
48,"C",0,12272.0
48,"C",1,4786.0
48,"C",2,211.0
48,"C",3,46.0
48,"D",-21,702.0
48,"D",-17,1.0
48,"D",-15,1.0
48,"D",-13,2.0
48,"D",-12,5.0
48,"D",-11,3.0
48,"D",-10,9.0
48,"D",-9,2.0
48,"D",-8,27.0
48,"D",-7,16.0
48,"D",-6,22.0
48,"D",-5,66.0
48,"D",-4,165.0
48,"D",-3,1072.0
48,"D",-2,648.0
48,"D",-1,4250.0
48,"D",0,11317.0
48,"D",1,11633.0
48,"D",2,1628.0
48,"D",3,664.0
48,"E",-21,29.0
48,"E",-17,1.0
48,"E",-10,1.0
48,"E",-8,2.0
48,"E",-7,7.0
48,"E",-6,111.0
48,"E",-5,39.0
48,"E",-4,386.0
48,"E",-3,507.0
48,"E",-2,129.0
48,"E",-1,1189.0
48,"E",0,717.0
48,"E",1,484.0
48,"E",2,68.0
48,"E",3,24.0
49,,-22,1.0
49,,-7,1.0
49,,-4,2.0
49,,-2,3.0
49,,-1,2.0
49,,0,144.0
49,,1,94.0
49,"A",-22,36.0
49,"A",-13,1.0
49,"A",-12,12.0
49,"A",-10,1.0
49,"A",-8,2.0
49,"A",-7,6.0
49,"A",-6,10.0
49,"A",-5,19.0
49,"A",-4,30.0
49,"A",-3,39.0
49,"A",-2,105.0
49,"A",-1,457.0
49,"A",0,4438.0
49,"A",1,1114.0
49,"A",2,392.0
49,"A",3,11.0
49,"B",-21,60.0
49,"B",-20,1.0
49,"B",-16,1.0
49,"B",-13,1.0
49,"B",-12,1.0
49,"B",-8,2.0
49,"B",-7,2.0
49,"B",-6,11.0
49,"B",-5,9.0
49,"B",-4,28.0
49,"B",-3,187.0
49,"B",-2,72.0
49,"B",-1,1052.0
49,"B",0,2052.0
49,"B",1,2522.0
49,"B",2,399.0
49,"B",3,197.0
49,"C",-21,109.0
49,"C",-20,3.0
49,"C",-19,1.0
49,"C",-12,9.0
49,"C",-11,1.0
49,"C",-10,1.0
49,"C",-9,1.0
49,"C",-8,6.0
49,"C",-7,12.0
49,"C",-6,21.0
49,"C",-5,27.0
49,"C",-4,52.0
49,"C",-3,557.0
49,"C",-2,171.0
49,"C",-1,2792.0
49,"C",0,8125.0
49,"C",1,5772.0
49,"C",2,262.0
49,"C",3,11.0
49,"D",-20,542.0
49,"D",-18,8.0
49,"D",-16,1.0
49,"D",-14,1.0
49,"D",-12,2.0
49,"D",-11,3.0
49,"D",-10,3.0
49,"D",-9,13.0
49,"D",-8,4.0
49,"D",-7,45.0
49,"D",-6,52.0
49,"D",-5,54.0
49,"D",-4,202.0
49,"D",-3,670.0
49,"D",-2,3706.0
49,"D",-1,1791.0
49,"D",0,10280.0
49,"D",1,9928.0
49,"D",2,2703.0
49,"D",3,1047.0
49,"E",-20,59.0
49,"E",-10,1.0
49,"E",-9,2.0
49,"E",-7,5.0
49,"E",-6,32.0
49,"E",-5,475.0
49,"E",-4,171.0
49,"E",-3,435.0
49,"E",-2,725.0
49,"E",-1,216.0
49,"E",0,1108.0
49,"E",1,336.0
49,"E",2,72.0
49,"E",3,18.0
50,,-21,4.0
50,,-8,2.0
50,,-5,1.0
50,,-4,2.0
50,,-3,3.0
50,,-2,1.0
50,,-1,8.0
50,,0,115.0
50,,1,71.0
50," D",2,1.0
50,"A",-21,78.0
50,"A",-20,1.0
50,"A",-15,2.0
50,"A",-13,5.0
50,"A",-12,26.0
50,"A",-11,3.0
50,"A",-7,10.0
50,"A",-6,16.0
50,"A",-5,17.0
50,"A",-4,13.0
50,"A",-3,62.0
50,"A",-2,67.0
50,"A",-1,329.0
50,"A",0,4996.0
50,"A",1,964.0
50,"A",2,12.0
50,"A",3,54.0
50,"A",4,12.0
50,"B",-21,2.0
50,"B",-20,101.0
50,"B",-19,1.0
50,"B",-18,2.0
50,"B",-14,1.0
50,"B",-12,12.0
50,"B",-11,2.0
50,"B",-10,1.0
50,"B",-9,2.0
50,"B",-7,1.0
50,"B",-6,6.0
50,"B",-5,18.0
50,"B",-4,57.0
50,"B",-3,83.0
50,"B",-2,774.0
50,"B",-1,420.0
50,"B",0,2466.0
50,"B",1,1995.0
50,"B",2,52.0
50,"B",3,325.0
50,"B",4,87.0
50,"C",-20,314.0
50,"C",-19,2.0
50,"C",-18,2.0
50,"C",-16,5.0
50,"C",-14,6.0
50,"C",-13,17.0
50,"C",-12,95.0
50,"C",-11,5.0
50,"C",-10,1.0
50,"C",-9,8.0
50,"C",-7,8.0
50,"C",-6,88.0
50,"C",-5,76.0
50,"C",-4,80.0
50,"C",-3,117.0
50,"C",-2,2262.0
50,"C",-1,1076.0
50,"C",0,11526.0
50,"C",1,3234.0
50,"C",2,111.0
50,"C",3,137.0
50,"C",4,13.0
50,"D",-18,809.0
50,"D",-17,16.0
50,"D",-16,1.0
50,"D",-15,1.0
50,"D",-14,2.0
50,"D",-13,1.0
50,"D",-12,12.0
50,"D",-11,3.0
50,"D",-10,31.0
50,"D",-9,4.0
50,"D",-8,15.0
50,"D",-7,36.0
50,"D",-6,8.0
50,"D",-5,97.0
50,"D",-4,127.0
50,"D",-3,134.0
50,"D",-2,544.0
50,"D",-1,1973.0
50,"D",0,9115.0
50,"D",1,4509.0
50,"D",2,9943.0
50,"D",3,2622.0
50,"D",4,266.0
50,"E",-18,110.0
50,"E",-14,3.0
50,"E",-12,1.0
50,"E",-10,2.0
50,"E",-9,1.0
50,"E",-8,2.0
50,"E",-7,14.0
50,"E",-5,7.0
50,"E",-4,53.0
50,"E",-3,538.0
50,"E",-2,194.0
50,"E",-1,716.0
50,"E",0,1266.0
50,"E",1,229.0
50,"E",2,624.0
50,"E",3,52.0
50,"E",4,31.0
51,,-20,9.0
51,,-7,4.0
51,,-6,1.0
51,,-5,1.0
51,,-4,2.0
51,,-3,2.0
51,,-2,3.0
51,,0,132.0
51,,1,58.0
51,,2,1.0
51,"A",-20,63.0
51,"A",-19,1.0
51,"A",-17,1.0
51,"A",-12,2.0
51,"A",-11,2.0
51,"A",-10,2.0
51,"A",-9,2.0
51,"A",-7,19.0
51,"A",-6,41.0
51,"A",-5,7.0
51,"A",-4,42.0
51,"A",-3,32.0
51,"A",-2,220.0
51,"A",-1,189.0
51,"A",0,3994.0
51,"A",1,369.0
51,"A",2,337.0
51,"A",3,6.0
51,"A",4,19.0
51,"B",-18,71.0
51,"B",-17,11.0
51,"B",-15,1.0
51,"B",-9,1.0
51,"B",-7,8.0
51,"B",-6,9.0
51,"B",-5,14.0
51,"B",-4,10.0
51,"B",-3,24.0
51,"B",-2,84.0
51,"B",-1,254.0
51,"B",0,2113.0
51,"B",1,1118.0
51,"B",2,1433.0
51,"B",3,262.0
51,"B",4,155.0
51,"C",-18,102.0
51,"C",-17,1.0
51,"C",-11,1.0
51,"C",-10,2.0
51,"C",-9,5.0
51,"C",-8,5.0
51,"C",-7,77.0
51,"C",-6,22.0
51,"C",-5,102.0
51,"C",-4,39.0
51,"C",-3,111.0
51,"C",-2,187.0
51,"C",-1,380.0
51,"C",0,6669.0
51,"C",1,4432.0
51,"C",2,3497.0
51,"C",3,112.0
51,"C",4,8.0
51,"D",-17,587.0
51,"D",-16,66.0
51,"D",-15,1.0
51,"D",-14,1.0
51,"D",-13,1.0
51,"D",-9,1.0
51,"D",-8,4.0
51,"D",-7,15.0
51,"D",-6,103.0
51,"D",-5,22.0
51,"D",-4,356.0
51,"D",-3,265.0
51,"D",-2,430.0
51,"D",-1,1499.0
51,"D",0,5199.0
51,"D",1,12563.0
51,"D",2,3639.0
51,"D",3,2029.0
51,"D",4,328.0
51,"E",-20,2.0
51,"E",-17,84.0
51,"E",-16,1.0
51,"E",-13,2.0
51,"E",-8,2.0
51,"E",-7,58.0
51,"E",-6,181.0
51,"E",-5,1.0
51,"E",-4,14.0
51,"E",-3,46.0
51,"E",-2,522.0
51,"E",-1,278.0
51,"E",0,602.0
51,"E",1,776.0
51,"E",2,171.0
51,"E",3,45.0
51,"E",4,47.0
52,,-18,8.0
52,,-4,1.0
52,,-3,1.0
52,,-2,1.0
52,,-1,8.0
52,,0,50.0
52,,1,50.0
52,,2,47.0
52," D",2,1.0
52,"A",-18,42.0
52,"A",-17,1.0
52,"A",-16,4.0
52,"A",-15,1.0
52,"A",-14,1.0
52,"A",-12,1.0
52,"A",-10,2.0
52,"A",-9,25.0
52,"A",-8,2.0
52,"A",-7,6.0
52,"A",-6,18.0
52,"A",-5,3.0
52,"A",-4,13.0
52,"A",-3,26.0
52,"A",-2,43.0
52,"A",-1,137.0
52,"A",0,2763.0
52,"A",1,2314.0
52,"A",2,708.0
52,"A",3,20.0
52,"A",4,36.0
52,"B",-17,49.0
52,"B",-16,2.0
52,"B",-14,2.0
52,"B",-10,1.0
52,"B",-9,18.0
52,"B",-8,2.0
52,"B",-7,4.0
52,"B",-6,13.0
52,"B",-5,1.0
52,"B",-4,4.0
52,"B",-3,14.0
52,"B",-2,53.0
52,"B",-1,146.0
52,"B",0,939.0
52,"B",1,2919.0
52,"B",2,1178.0
52,"B",3,108.0
52,"B",4,145.0
52,"C",-18,2.0
52,"C",-17,98.0
52,"C",-16,3.0
52,"C",-14,1.0
52,"C",-13,1.0
52,"C",-11,7.0
52,"C",-10,1.0
52,"C",-9,75.0
52,"C",-8,21.0
52,"C",-7,10.0
52,"C",-6,88.0
52,"C",-4,16.0
52,"C",-3,32.0
52,"C",-2,108.0
52,"C",-1,437.0
52,"C",0,1744.0
52,"C",1,12717.0
52,"C",2,1047.0
52,"C",3,207.0
52,"C",4,162.0
52,"D",-17,1.0
52,"D",-16,1115.0
52,"D",-15,1.0
52,"D",-14,1.0
52,"D",-12,3.0
52,"D",-10,14.0
52,"D",-9,3.0
52,"D",-8,34.0
52,"D",-7,13.0
52,"D",-6,36.0
52,"D",-5,49.0
52,"D",-4,21.0
52,"D",-3,376.0
52,"D",-2,520.0
52,"D",-1,1215.0
52,"D",0,3152.0
52,"D",1,9659.0
52,"D",2,10516.0
52,"D",3,1138.0
52,"D",4,517.0
52,"E",-16,981.0
52,"E",-10,3.0
52,"E",-8,4.0
52,"E",-7,12.0
52,"E",-6,57.0
52,"E",-5,101.0
52,"E",-3,28.0
52,"E",-2,75.0
52,"E",-1,147.0
52,"E",0,153.0
52,"E",1,372.0
52,"E",2,429.0
52,"E",3,22.0
52,"E",4,50.0
53,,-17,2.0
53,,-4,1.0
53,,-2,4.0
53,,-1,2.0
53,,0,4.0
53,,1,104.0
53,,2,16.0
53,"A",-17,19.0
53,"A",-16,1.0
53,"A",-15,2.0
53,"A",-11,1.0
53,"A",-9,1.0
53,"A",-8,1.0
53,"A",-7,9.0
53,"A",-6,1.0
53,"A",-5,10.0
53,"A",-4,14.0
53,"A",-3,3.0
53,"A",-2,27.0
53,"A",-1,33.0
53,"A",0,410.0
53,"A",1,1157.0
53,"A",2,396.0
53,"A",3,1.0
53,"B",-17,1.0
53,"B",-16,25.0
53,"B",-6,2.0
53,"B",-5,1.0
53,"B",-4,3.0
53,"B",-3,6.0
53,"B",-2,8.0
53,"B",-1,42.0
53,"B",0,175.0
53,"B",1,1153.0
53,"B",2,1062.0
53,"B",3,145.0
53,"C",-16,19.0
53,"C",-12,1.0
53,"C",-11,1.0
53,"C",-10,2.0
53,"C",-8,2.0
53,"C",-7,14.0
53,"C",-5,2.0
53,"C",-4,1.0
53,"C",-3,2.0
53,"C",-2,31.0
53,"C",-1,157.0
53,"C",0,952.0
53,"C",1,2461.0
53,"C",2,3517.0
53,"C",3,11.0
53,"D",-16,1.0
53,"D",-15,394.0
53,"D",-12,1.0
53,"D",-9,2.0
53,"D",-7,10.0
53,"D",-6,5.0
53,"D",-5,3.0
53,"D",-4,45.0
53,"D",-3,7.0
53,"D",-2,89.0
53,"D",-1,391.0
53,"D",0,1009.0
53,"D",1,3114.0
53,"D",2,4967.0
53,"D",3,1396.0
53,"D",4,36.0
53,"E",-15,837.0
53,"E",-14,1.0
53,"E",-13,1.0
53,"E",-12,4.0
53,"E",-11,15.0
53,"E",-10,5.0
53,"E",-9,26.0
53,"E",-6,5.0
53,"E",-5,15.0
53,"E",-4,5.0
53,"E",-2,11.0
53,"E",-1,10.0
53,"E",0,8.0
53,"E",1,61.0
53,"E",2,69.0
53,"E",3,138.0
53,"E",4,16.0
54,,-17,3.0
54,,-3,1.0
54,,-2,4.0
54,,-1,16.0
54,,0,147.0
54,,1,84.0
54,"A",-17,56.0
54,"A",-9,5.0
54,"A",-8,4.0
54,"A",-7,8.0
54,"A",-6,7.0
54,"A",-5,16.0
54,"A",-4,19.0
54,"A",-3,22.0
54,"A",-2,62.0
54,"A",-1,338.0
54,"A",0,3990.0
54,"A",1,392.0
54,"A",2,300.0
54,"A",3,18.0
54,"B",-16,49.0
54,"B",-15,2.0
54,"B",-13,1.0
54,"B",-12,1.0
54,"B",-11,1.0
54,"B",-10,2.0
54,"B",-7,4.0
54,"B",-6,4.0
54,"B",-5,18.0
54,"B",-4,2.0
54,"B",-3,64.0
54,"B",-2,152.0
54,"B",-1,544.0
54,"B",0,2235.0
54,"B",1,1876.0
54,"B",2,499.0
54,"B",3,138.0
54,"C",-16,125.0
54,"C",-15,2.0
54,"C",-14,2.0
54,"C",-13,1.0
54,"C",-12,2.0
54,"C",-10,4.0
54,"C",-8,10.0
54,"C",-7,10.0
54,"C",-6,6.0
54,"C",-5,59.0
54,"C",-4,9.0
54,"C",-3,117.0
54,"C",-2,266.0
54,"C",-1,1150.0
54,"C",0,9758.0
54,"C",1,4632.0
54,"C",2,311.0
54,"C",3,9.0
54,"D",-15,769.0
54,"D",-14,1.0
54,"D",-13,1.0
54,"D",-12,3.0
54,"D",-11,14.0
54,"D",-10,4.0
54,"D",-9,22.0
54,"D",-8,5.0
54,"D",-7,36.0
54,"D",-6,16.0
54,"D",-5,88.0
54,"D",-4,332.0
54,"D",-3,95.0
54,"D",-2,1261.0
54,"D",-1,4004.0
54,"D",0,10103.0
54,"D",1,12318.0
54,"D",2,2723.0
54,"D",3,520.0
54,"E",-15,1046.0
54,"E",-14,1.0
54,"E",-13,2.0
54,"E",-12,3.0
54,"E",-11,37.0
54,"E",-10,17.0
54,"E",-9,53.0
54,"E",-7,2.0
54,"E",-6,23.0
54,"E",-5,81.0
54,"E",-4,38.0
54,"E",-2,29.0
54,"E",-1,60.0
54,"E",0,110.0
54,"E",1,68.0
54,"E",2,342.0
54,"E",3,70.0
55,,-16,4.0
55,,-7,1.0
55,,-6,1.0
55,,-3,1.0
55,,-2,2.0
55,,-1,11.0
55,,0,170.0
55,,1,88.0
55," D",1,1.0
55,"A",-16,50.0
55,"A",-15,3.0
55,"A",-14,2.0
55,"A",-11,4.0
55,"A",-10,4.0
55,"A",-8,7.0
55,"A",-7,10.0
55,"A",-6,11.0
55,"A",-5,9.0
55,"A",-4,33.0
55,"A",-3,51.0
55,"A",-2,113.0
55,"A",-1,522.0
55,"A",0,4688.0
55,"A",1,900.0
55,"A",2,25.0
55,"A",3,59.0
55,"B",-15,64.0
55,"B",-14,1.0
55,"B",-11,4.0
55,"B",-10,3.0
55,"B",-9,1.0
55,"B",-6,4.0
55,"B",-5,11.0
55,"B",-4,30.0
55,"B",-3,5.0
55,"B",-2,84.0
55,"B",-1,450.0
55,"B",0,2089.0
55,"B",1,2472.0
55,"B",2,484.0
55,"B",3,49.0
55,"C",-15,144.0
55,"C",-14,1.0
55,"C",-13,1.0
55,"C",-12,1.0
55,"C",-11,10.0
55,"C",-10,3.0
55,"C",-9,5.0
55,"C",-8,1.0
55,"C",-7,3.0
55,"C",-6,10.0
55,"C",-5,23.0
55,"C",-4,51.0
55,"C",-3,10.0
55,"C",-2,341.0
55,"C",-1,1888.0
55,"C",0,9676.0
55,"C",1,5052.0
55,"C",2,167.0
55,"C",3,10.0
55,"D",-14,696.0
55,"D",-13,3.0
55,"D",-12,1.0
55,"D",-11,4.0
55,"D",-10,13.0
55,"D",-9,2.0
55,"D",-8,14.0
55,"D",-7,2.0
55,"D",-6,25.0
55,"D",-5,67.0
55,"D",-4,275.0
55,"D",-3,2033.0
55,"D",-2,564.0
55,"D",-1,4196.0
55,"D",0,9975.0
55,"D",1,11771.0
55,"D",2,2992.0
55,"D",3,486.0
55,"E",-14,326.0
55,"E",-12,1.0
55,"E",-11,7.0
55,"E",-10,15.0
55,"E",-9,10.0
55,"E",-8,23.0
55,"E",-5,41.0
55,"E",-4,93.0
55,"E",-3,110.0
55,"E",-2,3.0
55,"E",-1,157.0
55,"E",0,226.0
55,"E",1,68.0
55,"E",2,169.0
55,"E",3,137.0
56,,-15,6.0
56,,-2,3.0
56,,-1,9.0
56,,0,118.0
56,,1,76.0
56,"A",-15,24.0
56,"A",-14,2.0
56,"A",-13,3.0
56,"A",-12,3.0
56,"A",-11,3.0
56,"A",-10,5.0
56,"A",-9,5.0
56,"A",-7,3.0
56,"A",-6,2.0
56,"A",-5,2.0
56,"A",-4,3.0
56,"A",-3,6.0
56,"A",-2,49.0
56,"A",-1,361.0
56,"A",0,3835.0
56,"A",1,468.0
56,"A",2,18.0
56,"A",3,44.0
56,"B",-14,19.0
56,"B",-12,1.0
56,"B",-10,3.0
56,"B",-9,5.0
56,"B",-6,10.0
56,"B",-5,19.0
56,"B",-4,20.0
56,"B",-3,102.0
56,"B",-2,39.0
56,"B",-1,358.0
56,"B",0,2067.0
56,"B",1,1953.0
56,"B",2,228.0
56,"B",3,72.0
56,"C",-15,1.0
56,"C",-14,63.0
56,"C",-13,6.0
56,"C",-12,3.0
56,"C",-11,5.0
56,"C",-10,32.0
56,"C",-9,34.0
56,"C",-8,4.0
56,"C",-7,1.0
56,"C",-6,8.0
56,"C",-5,15.0
56,"C",-4,25.0
56,"C",-3,241.0
56,"C",-2,88.0
56,"C",-1,1380.0
56,"C",0,9819.0
56,"C",1,5480.0
56,"C",2,317.0
56,"C",3,132.0
56,"D",-13,723.0
56,"D",-12,7.0
56,"D",-11,5.0
56,"D",-10,15.0
56,"D",-9,29.0
56,"D",-8,4.0
56,"D",-7,11.0
56,"D",-6,1.0
56,"D",-5,63.0
56,"D",-4,168.0
56,"D",-3,528.0
56,"D",-2,2215.0
56,"D",-1,933.0
56,"D",0,8469.0
56,"D",1,10480.0
56,"D",2,2058.0
56,"D",3,684.0
56,"E",-13,215.0
56,"E",-12,1.0
56,"E",-10,8.0
56,"E",-9,28.0
56,"E",-8,7.0
56,"E",-7,43.0
56,"E",-5,1.0
56,"E",-4,34.0
56,"E",-3,97.0
56,"E",-2,112.0
56,"E",-1,18.0
56,"E",0,196.0
56,"E",1,105.0
56,"E",2,61.0
56,"E",3,12.0
57,,-14,5.0
57,,-3,4.0
57,,-1,7.0
57,,0,109.0
57,,1,48.0
57," D",1,1.0
57,"A",-14,57.0
57,"A",-13,1.0
57,"A",-11,1.0
57,"A",-10,2.0
57,"A",-9,1.0
57,"A",-8,2.0
57,"A",-6,13.0
57,"A",-5,26.0
57,"A",-4,16.0
57,"A",-3,54.0
57,"A",-2,33.0
57,"A",-1,315.0
57,"A",0,4115.0
57,"A",1,931.0
57,"A",2,42.0
57,"A",3,2.0
57,"A",4,215.0
57,"B",-13,26.0
57,"B",-11,4.0
57,"B",-10,4.0
57,"B",-9,3.0
57,"B",-8,1.0
57,"B",-7,8.0
57,"B",-6,1.0
57,"B",-5,16.0
57,"B",-4,49.0
57,"B",-3,63.0
57,"B",-2,349.0
57,"B",-1,160.0
57,"B",0,2055.0
57,"B",1,2414.0
57,"B",2,169.0
57,"B",3,154.0
57,"B",4,639.0
57,"C",-13,113.0
57,"C",-12,1.0
57,"C",-11,5.0
57,"C",-10,1.0
57,"C",-9,3.0
57,"C",-8,3.0
57,"C",-7,17.0
57,"C",-6,1.0
57,"C",-5,165.0
57,"C",-4,50.0
57,"C",-3,148.0
57,"C",-2,1559.0
57,"C",-1,425.0
57,"C",0,9264.0
57,"C",1,5120.0
57,"C",2,19.0
57,"C",3,23.0
57,"C",4,216.0
57,"D",-11,498.0
57,"D",-10,6.0
57,"D",-9,10.0
57,"D",-8,5.0
57,"D",-7,37.0
57,"D",-6,15.0
57,"D",-5,23.0
57,"D",-4,9.0
57,"D",-3,110.0
57,"D",-2,341.0
57,"D",-1,1793.0
57,"D",0,7305.0
57,"D",1,2935.0
57,"D",2,10903.0
57,"D",3,2483.0
57,"D",4,2086.0
57,"E",-11,94.0
57,"E",-8,20.0
57,"E",-7,14.0
57,"E",-6,2.0
57,"E",-5,19.0
57,"E",-3,2.0
57,"E",-2,52.0
57,"E",-1,225.0
57,"E",0,224.0
57,"E",1,22.0
57,"E",2,118.0
57,"E",3,49.0
57,"E",4,78.0
58,,-13,2.0
58,,-7,1.0
58,,0,81.0
58,,1,65.0
58,"A",-13,58.0
58,"A",-12,1.0
58,"A",-11,6.0
58,"A",-9,8.0
58,"A",-8,4.0
58,"A",-7,13.0
58,"A",-5,133.0
58,"A",-4,28.0
58,"A",-3,88.0
58,"A",-2,384.0
58,"A",-1,363.0
58,"A",0,3270.0
58,"A",1,523.0
58,"A",2,42.0
58,"A",3,32.0
58,"A",4,20.0
58,"B",-11,25.0
58,"B",-9,1.0
58,"B",-8,1.0
58,"B",-7,1.0
58,"B",-5,9.0
58,"B",-4,4.0
58,"B",-3,15.0
58,"B",-2,80.0
58,"B",-1,270.0
58,"B",0,1711.0
58,"B",1,1017.0
58,"B",2,2569.0
58,"B",3,343.0
58,"B",4,51.0
58,"C",-11,123.0
58,"C",-10,2.0
58,"C",-9,3.0
58,"C",-8,1.0
58,"C",-7,10.0
58,"C",-6,3.0
58,"C",-5,25.0
58,"C",-4,17.0
58,"C",-3,52.0
58,"C",-2,160.0
58,"C",-1,503.0
58,"C",0,7923.0
58,"C",1,3493.0
58,"C",2,4614.0
58,"C",3,291.0
58,"C",4,20.0
58,"D",-10,501.0
58,"D",-9,7.0
58,"D",-8,10.0
58,"D",-7,14.0
58,"D",-6,50.0
58,"D",-5,17.0
58,"D",-4,117.0
58,"D",-3,56.0
58,"D",-2,578.0
58,"D",-1,1502.0
58,"D",0,5577.0
58,"D",1,14632.0
58,"D",2,3789.0
58,"D",3,2153.0
58,"D",4,596.0
58,"E",-10,50.0
58,"E",-7,14.0
58,"E",-4,1.0
58,"E",-2,2.0
58,"E",-1,105.0
58,"E",0,349.0
58,"E",1,355.0
58,"E",2,14.0
58,"E",3,39.0
58,"E",4,4.0
59,,-11,10.0
59,,-5,2.0
59,,-3,2.0
59,,-1,4.0
59,,0,147.0
59,,1,81.0
59,,2,54.0
59,"A",-11,16.0
59,"A",-9,1.0
59,"A",-8,2.0
59,"A",-7,1.0
59,"A",-6,2.0
59,"A",-5,5.0
59,"A",-4,2.0
59,"A",-3,17.0
59,"A",-2,42.0
59,"A",-1,222.0
59,"A",0,2380.0
59,"A",1,1610.0
59,"A",2,575.0
59,"A",3,261.0
59,"A",4,25.0
59,"B",-10,60.0
59,"B",-9,4.0
59,"B",-8,2.0
59,"B",-7,1.0
59,"B",-6,7.0
59,"B",-5,7.0
59,"B",-4,13.0
59,"B",-3,3.0
59,"B",-2,128.0
59,"B",-1,135.0
59,"B",0,537.0
59,"B",1,3038.0
59,"B",2,921.0
59,"B",3,405.0
59,"B",4,357.0
59,"C",-10,27.0
59,"C",-9,8.0
59,"C",-8,1.0
59,"C",-7,2.0
59,"C",-6,6.0
59,"C",-5,2.0
59,"C",-4,15.0
59,"C",-3,35.0
59,"C",-2,63.0
59,"C",-1,517.0
59,"C",0,1235.0
59,"C",1,12272.0
59,"C",2,1193.0
59,"C",3,214.0
59,"C",4,365.0
59,"D",-9,560.0
59,"D",-8,10.0
59,"D",-7,16.0
59,"D",-6,17.0
59,"D",-5,74.0
59,"D",-4,43.0
59,"D",-3,238.0
59,"D",-2,84.0
59,"D",-1,1108.0
59,"D",0,3761.0
59,"D",1,9955.0
59,"D",2,12090.0
59,"D",3,1091.0
59,"D",4,1249.0
59,"E",-9,47.0
59,"E",-7,1.0
59,"E",-6,52.0
59,"E",-5,52.0
59,"E",-3,44.0
59,"E",-1,13.0
59,"E",0,171.0
59,"E",1,386.0
59,"E",2,191.0
59,"E",3,4.0
59,"E",4,36.0
60,,-10,7.0
60,,-4,1.0
60,,-1,3.0
60,,0,4.0
60,,1,136.0
60,,2,5.0
60,"A",-10,16.0
60,"A",-8,1.0
60,"A",-6,1.0
60,"A",-5,2.0
60,"A",-4,7.0
60,"A",-3,1.0
60,"A",-2,12.0
60,"A",-1,26.0
60,"A",0,196.0
60,"A",1,1654.0
60,"A",2,319.0
60,"A",3,48.0
60,"B",-9,9.0
60,"B",-4,2.0
60,"B",-3,19.0
60,"B",-2,1.0
60,"B",-1,31.0
60,"B",0,150.0
60,"B",1,827.0
60,"B",2,1675.0
60,"B",3,309.0
60,"B",4,31.0
60,"C",-9,18.0
60,"C",-7,1.0
60,"C",-5,3.0
60,"C",-4,1.0
60,"C",-3,25.0
60,"C",-2,25.0
60,"C",-1,94.0
60,"C",0,517.0
60,"C",1,3138.0
60,"C",2,4285.0
60,"C",3,51.0
60,"D",-8,230.0
60,"D",-7,7.0
60,"D",-6,19.0
60,"D",-5,16.0
60,"D",-4,74.0
60,"D",-3,41.0
60,"D",-2,137.0
60,"D",-1,27.0
60,"D",0,1014.0
60,"D",1,3287.0
60,"D",2,6334.0
60,"D",3,2246.0
60,"D",4,149.0
60,"E",-8,14.0
60,"E",-5,72.0
60,"E",-4,194.0
60,"E",-2,173.0
60,"E",0,12.0
60,"E",1,207.0
60,"E",2,239.0
60,"E",3,16.0
60,"E",4,5.0
61,,-10,8.0
61,,-6,1.0
61,,-4,3.0
61,,-2,3.0
61,,-1,7.0
61,,0,167.0
61,,1,94.0
61,"A",-10,53.0
61,"A",-9,27.0
61,"A",-8,4.0
61,"A",-7,4.0
61,"A",-6,6.0
61,"A",-5,7.0
61,"A",-4,5.0
61,"A",-3,4.0
61,"A",-2,47.0
61,"A",-1,359.0
61,"A",0,3855.0
61,"A",1,584.0
61,"A",2,175.0
61,"A",3,28.0
61,"B",-9,121.0
61,"B",-8,17.0
61,"B",-7,3.0
61,"B",-6,2.0
61,"B",-5,14.0
61,"B",-4,23.0
61,"B",-3,103.0
61,"B",-2,8.0
61,"B",-1,563.0
61,"B",0,2431.0
61,"B",1,1926.0
61,"B",2,622.0
61,"B",3,208.0
61,"C",-9,118.0
61,"C",-8,15.0
61,"C",-7,11.0
61,"C",-6,16.0
61,"C",-5,57.0
61,"C",-4,19.0
61,"C",-3,174.0
61,"C",-2,534.0
61,"C",-1,1252.0
61,"C",0,9970.0
61,"C",1,4326.0
61,"C",2,273.0
61,"C",3,218.0
61,"D",-9,11.0
61,"D",-8,997.0
61,"D",-7,25.0
61,"D",-6,80.0
61,"D",-5,124.0
61,"D",-4,780.0
61,"D",-3,504.0
61,"D",-2,2594.0
61,"D",-1,893.0
61,"D",0,10244.0
61,"D",1,10431.0
61,"D",2,2235.0
61,"D",3,943.0
61,"E",-8,39.0
61,"E",-6,1.0
61,"E",-5,33.0
61,"E",-4,163.0
61,"E",-3,5.0
61,"E",-2,207.0
61,"E",-1,1.0
61,"E",0,102.0
61,"E",1,176.0
61,"E",2,97.0
61,"E",3,19.0
62,,-9,7.0
62,,-3,2.0
62,,-1,1.0
62,,0,171.0
62,,1,98.0
62," D",0,1.0
62,"A",-9,177.0
62,"A",-8,11.0
62,"A",-7,6.0
62,"A",-5,22.0
62,"A",-4,14.0
62,"A",-3,33.0
62,"A",-2,21.0
62,"A",-1,228.0
62,"A",0,4049.0
62,"A",1,598.0
62,"A",2,439.0
62,"A",3,22.0
62,"B",-8,50.0
62,"B",-7,4.0
62,"B",-6,4.0
62,"B",-5,18.0
62,"B",-4,45.0
62,"B",-3,65.0
62,"B",-2,436.0
62,"B",-1,53.0
62,"B",0,2832.0
62,"B",1,2169.0
62,"B",2,459.0
62,"B",3,82.0
62,"C",-8,180.0
62,"C",-7,15.0
62,"C",-6,8.0
62,"C",-5,7.0
62,"C",-4,154.0
62,"C",-3,47.0
62,"C",-2,997.0
62,"C",-1,1001.0
62,"C",0,10205.0
62,"C",1,4591.0
62,"C",2,135.0
62,"C",3,144.0
62,"D",-8,5.0
62,"D",-7,767.0
62,"D",-6,98.0
62,"D",-5,189.0
62,"D",-4,439.0
62,"D",-3,2355.0
62,"D",-2,1579.0
62,"D",-1,7806.0
62,"D",0,2373.0
62,"D",1,12758.0
62,"D",2,2591.0
62,"D",3,703.0
62,"E",-7,35.0
62,"E",-6,1.0
62,"E",-5,1.0
62,"E",-4,69.0
62,"E",-3,460.0
62,"E",-2,11.0
62,"E",-1,497.0
62,"E",0,3.0
62,"E",1,140.0
62,"E",2,38.0
62,"E",3,10.0
63,,-8,7.0
63,,-6,1.0
63,,-5,1.0
63,,-2,4.0
63,,-1,8.0
63,,0,128.0
63,,1,81.0
63,"A",-8,24.0
63,"A",-7,7.0
63,"A",-6,3.0
63,"A",-5,2.0
63,"A",-4,47.0
63,"A",-3,30.0
63,"A",-2,192.0
63,"A",-1,77.0
63,"A",0,3970.0
63,"A",1,1046.0
63,"A",2,192.0
63,"A",3,14.0
63,"B",-7,32.0
63,"B",-6,11.0
63,"B",-5,9.0
63,"B",-4,20.0
63,"B",-3,171.0
63,"B",-2,182.0
63,"B",-1,1843.0
63,"B",0,405.0
63,"B",1,1957.0
63,"B",2,356.0
63,"B",3,93.0
63,"C",-8,1.0
63,"C",-7,66.0
63,"C",-6,25.0
63,"C",-5,12.0
63,"C",-4,46.0
63,"C",-3,475.0
63,"C",-2,236.0
63,"C",-1,6399.0
63,"C",0,3424.0
63,"C",1,4045.0
63,"C",2,94.0
63,"C",3,117.0
63,"D",-6,836.0
63,"D",-5,88.0
63,"D",-4,448.0
63,"D",-3,805.0
63,"D",-2,4709.0
63,"D",-1,2719.0
63,"D",0,9520.0
63,"D",1,2990.0
63,"D",2,2185.0
63,"D",3,685.0
63,"E",-6,35.0
63,"E",-4,1.0
63,"E",-3,139.0
63,"E",-2,408.0
63,"E",-1,25.0
63,"E",0,133.0
63,"E",2,22.0
63,"E",3,13.0
64,,-7,11.0
64,,-5,1.0
64,,-4,8.0
64,,-3,1.0
64,,-1,70.0
64,,0,46.0
64,,1,82.0
64,"A",-7,71.0
64,"A",-6,8.0
64,"A",-5,18.0
64,"A",-4,58.0
64,"A",-3,137.0
64,"A",-2,164.0
64,"A",-1,3190.0
64,"A",0,847.0
64,"A",1,441.0
64,"A",2,16.0
64,"A",4,11.0
64,"B",-6,46.0
64,"B",-5,45.0
64,"B",-4,77.0
64,"B",-3,50.0
64,"B",-2,685.0
64,"B",-1,698.0
64,"B",0,2846.0
64,"B",1,632.0
64,"B",2,181.0
64,"B",3,135.0
64,"B",4,110.0
64,"C",-6,67.0
64,"C",-5,24.0
64,"C",-4,146.0
64,"C",-3,133.0
64,"C",-2,1735.0
64,"C",-1,861.0
64,"C",0,10786.0
64,"C",1,1971.0
64,"C",2,39.0
64,"C",3,5.0
64,"C",4,45.0
64,"D",-6,2.0
64,"D",-5,1.0
64,"D",-4,941.0
64,"D",-3,460.0
64,"D",-2,1278.0
64,"D",-1,2696.0
64,"D",0,10349.0
64,"D",1,4705.0
64,"D",2,6125.0
64,"D",3,641.0
64,"D",4,720.0
64,"E",-4,53.0
64,"E",-3,5.0
64,"E",-2,16.0
64,"E",-1,149.0
64,"E",0,714.0
64,"E",1,10.0
64,"E",2,44.0
64,"E",4,15.0
65,,-6,5.0
65,,-2,5.0
65,,-1,1.0
65,,0,147.0
65,,1,35.0
65,"A",-6,27.0
65,"A",-5,5.0
65,"A",-4,51.0
65,"A",-3,33.0
65,"A",-2,234.0
65,"A",-1,155.0
65,"A",0,864.0
65,"A",1,404.0
65,"A",2,55.0
65,"A",3,4.0
65,"B",-4,9.0
65,"B",-3,17.0
65,"B",-2,16.0
65,"B",-1,27.0
65,"B",0,673.0
65,"B",1,133.0
65,"B",2,778.0
65,"B",3,172.0
65,"B",4,10.0
65,"C",-4,30.0
65,"C",-3,61.0
65,"C",-2,76.0
65,"C",-1,79.0
65,"C",0,1303.0
65,"C",1,793.0
65,"C",2,2806.0
65,"C",3,41.0
65,"D",-4,12.0
65,"D",-3,229.0
65,"D",-2,145.0
65,"D",-1,311.0
65,"D",0,746.0
65,"D",1,3453.0
65,"D",2,1011.0
65,"D",3,1091.0
65,"D",4,96.0
65,"E",-3,18.0
65,"E",-1,13.0
65,"E",0,290.0
65,"E",1,132.0
65,"E",2,3.0
65,"E",3,21.0
66,,-4,6.0
66,,0,69.0
66,,1,65.0
66,,2,78.0
66," D",2,1.0
66,"A",-4,29.0
66,"A",-3,8.0
66,"A",-2,84.0
66,"A",-1,80.0
66,"A",0,1448.0
66,"A",1,1399.0
66,"A",2,225.0
66,"A",3,8.0
66,"A",4,1.0
66,"B",-3,85.0
66,"B",-2,74.0
66,"B",-1,141.0
66,"B",0,377.0
66,"B",1,3263.0
66,"B",2,564.0
66,"B",3,75.0
66,"B",4,15.0
66,"C",-3,156.0
66,"C",-2,220.0
66,"C",-1,411.0
66,"C",0,1271.0
66,"C",1,13601.0
66,"C",2,663.0
66,"C",3,128.0
66,"D",-2,1109.0
66,"D",-1,1426.0
66,"D",0,3833.0
66,"D",1,8893.0
66,"D",2,9018.0
66,"D",3,278.0
66,"D",4,222.0
66,"E",-2,51.0
66,"E",-1,32.0
66,"E",0,203.0
66,"E",1,458.0
66,"E",2,130.0
66,"E",3,3.0
66,"E",4,12.0
67,,-3,4.0
67,,1,114.0
67,,2,14.0
67,"A",-3,30.0
67,"A",-2,23.0
67,"A",-1,57.0
67,"A",0,272.0
67,"A",1,2941.0
67,"A",2,203.0
67,"A",3,49.0
67,"A",4,46.0
67,"B",-2,166.0
67,"B",-1,96.0
67,"B",0,385.0
67,"B",1,1088.0
67,"B",2,1516.0
67,"B",3,206.0
67,"B",4,9.0
67,"C",-2,88.0
67,"C",-1,185.0
67,"C",0,704.0
67,"C",1,3851.0
67,"C",2,3824.0
67,"D",-1,1059.0
67,"D",0,1368.0
67,"D",1,4046.0
67,"D",2,5885.0
67,"D",3,2055.0
67,"D",4,244.0
67,"E",-1,79.0
67,"E",0,57.0
67,"E",1,627.0
67,"E",2,277.0
67,"E",3,18.0
67,"E",4,3.0
68,,-3,5.0
68,,-1,8.0
68,,0,133.0
68,,1,84.0
68,"A",-3,121.0
68,"A",-2,88.0
68,"A",-1,540.0
68,"A",0,3373.0
68,"A",1,621.0
68,"A",2,71.0
68,"A",3,1.0
68,"B",-2,372.0
68,"B",-1,688.0
68,"B",0,2858.0
68,"B",1,1919.0
68,"B",2,341.0
68,"B",3,27.0
68,"C",-2,736.0
68,"C",-1,1906.0
68,"C",0,11854.0
68,"C",1,5098.0
68,"C",2,1121.0
68,"D",-2,1.0
68,"D",-1,6884.0
68,"D",0,10246.0
68,"D",1,12073.0
68,"D",2,2075.0
68,"D",3,731.0
68,"E",-1,368.0
68,"E",0,355.0
68,"E",1,379.0
68,"E",2,69.0
68,"E",3,35.0
69,,-2,11.0
69,,-1,2.0
69,,0,127.0
69,,1,80.0
69,"A",-2,236.0
69,"A",-1,458.0
69,"A",0,3625.0
69,"A",1,1135.0
69,"A",2,7.0
69,"A",3,1.0
69,"B",-1,1147.0
69,"B",0,2742.0
69,"B",1,2234.0
69,"B",2,316.0
69,"B",3,1.0
69,"C",-1,3648.0
69,"C",0,11149.0
69,"C",1,5636.0
69,"C",2,315.0
69,"C",3,3.0
69,"D",0,18783.0
69,"D",1,11838.0
69,"D",2,2270.0
69,"D",3,445.0
69,"E",0,851.0
69,"E",1,459.0
69,"E",2,16.0
69,"E",3,27.0
70,,-1,14.0
70,,0,120.0
70,,1,70.0
70,"A",-1,553.0
70,"A",0,3526.0
70,"A",1,1692.0
70,"A",3,3.0
70,"B",0,4002.0
70,"B",1,2404.0
70,"B",2,373.0
70,"C",0,13270.0
70,"C",1,5593.0
70,"C",2,385.0
70,"D",1,33551.0
70,"D",2,2902.0
70,"D",3,1068.0
70,"E",1,2015.0
70,"E",2,52.0
70,"E",3,43.0
71,,0,115.0
71,,1,89.0
71,"A",0,3527.0
71,"A",1,1219.0
71,"A",4,1.0
71,"B",1,5395.0
71,"B",2,311.0
71,"C",1,17588.0
71,"C",2,289.0
71,"D",3,30681.0
71,"D",4,309.0
71,"E",3,2585.0
71,"E",4,26.0
72,,1,9.0
72,"A",1,1549.0
72,"B",3,1204.0
72,"C",3,3204.0
72,"D",4,4262.0
72,"E",4,396.0
